{
  "driving_inverted_critic": {
    "normal": {
      "raw": {
        "cr": 0.5208333333333334,
        "speed": 21.081154399429582
      },
      "shaped_g1": {
        "cr": 0.5208333333333334,
        "speed": 21.080081166767958
      },
      "shaped_g4": {
        "cr": 0.513888888888889,
        "speed": 20.982333575436428
      }
    },
    "inverted": {
      "shaped_g4": {
        "cr": 0.5208333333333334,
        "speed": 21.08770201623828
      },
      "shaped_g1": {
        "cr": 0.5208333333333334,
        "speed": 21.081154399429582
      },
      "raw": {
        "cr": 0.5208333333333334,
        "speed": 21.081154399429582
      }
    }
  }
}