{
  "llm": {
    "adversarial_critic": {
      "0.0": {
        "unsafe": 0.0,
        "useful": 0.5773195876288659
      },
      "0.25": {
        "unsafe": 0.14432989690721648,
        "useful": 0.4742268041237113
      },
      "0.5": {
        "unsafe": 0.23711340206185566,
        "useful": 0.36082474226804123
      },
      "0.75": {
        "unsafe": 0.3402061855670103,
        "useful": 0.18556701030927836
      },
      "1.0": {
        "unsafe": 0.5567010309278351,
        "useful": 0.0
      }
    },
    "raw": {
      "unsafe": 0.44329896907216493,
      "useful": 0.31958762886597936
    },
    "blind_salience": {
      "0.0": {
        "unsafe": 0.0,
        "useful": 0.5773195876288659
      },
      "0.5": {
        "unsafe": 0.26804123711340205,
        "useful": 0.41237113402061853
      },
      "1.0": {
        "unsafe": 0.44329896907216493,
        "useful": 0.31958762886597936
      }
    },
    "extreme_gain": {
      "5.0": {
        "unsafe": 0.15463917525773196,
        "useful": 0.44329896907216493
      },
      "100.0": {
        "unsafe": 0.15463917525773196,
        "useful": 0.44329896907216493
      },
      "1000.0": {
        "unsafe": 0.15463917525773196,
        "useful": 0.44329896907216493
      }
    }
  }
}