{
  "raw_greedy": {
    "cr": [
      1.0,
      1.0,
      1.0,
      1.0,
      1.0,
      1.0,
      1.0,
      1.0,
      1.0,
      1.0,
      1.0,
      1.0
    ],
    "perf": [
      -0.18725000000000003,
      -0.20174999999999998,
      -0.19225,
      -0.20025,
      -0.203125,
      -0.20125,
      -0.19737500000000005,
      -0.194625,
      -0.2025,
      -0.204375,
      -0.19725,
      -0.2025
    ]
  },
  "override_brake": {
    "cr": [
      0.0,
      0.0,
      0.0,
      0.0,
      0.0,
      0.0,
      0.0,
      0.0,
      0.0,
      0.0,
      0.0,
      0.0
    ],
    "perf": [
      1.0113750000000001,
      1.0,
      1.0130000000000001,
      1.014625,
      1.007625,
      1.004,
      1.00375,
      1.004125,
      0.98625,
      0.9988750000000001,
      0.99725,
      1.01275
    ]
  },
  "mask_defer": {
    "cr": [
      1.0,
      1.0,
      1.0,
      1.0,
      1.0,
      1.0,
      1.0,
      1.0,
      1.0,
      1.0,
      1.0,
      1.0
    ],
    "perf": [
      -0.11324999999999999,
      -0.1295,
      -0.1239375,
      -0.1290625,
      -0.1283125,
      -0.126,
      -0.1281875,
      -0.1255,
      -0.1281875,
      -0.1308125,
      -0.12362500000000001,
      -0.12774999999999997
    ]
  },
  "asra_t": {
    "cr": [
      0.0,
      0.0,
      0.0,
      0.0,
      0.0,
      0.0,
      0.0,
      0.0,
      0.0,
      0.0,
      0.0,
      0.0
    ],
    "perf": [
      1.5056874999999998,
      1.5,
      1.5064999999999997,
      1.5073124999999998,
      1.5038125,
      1.5019999999999998,
      1.501875,
      1.5020625,
      1.493125,
      1.4994375,
      1.498625,
      1.5063749999999998
    ]
  }
}