{
  "0.1": {
    "override": {
      "cr": 0.0,
      "perf": 1.8013333333333332
    },
    "mask_defer": {
      "cr": 0.8733333333333334,
      "perf": 0.5881302083333334
    },
    "asra_t": {
      "cr": 0.0,
      "perf": 1.9006666666666667
    },
    "dCR_mask_minus_asraT": {
      "diff": 0.8733333333333334,
      "lo": 0.8658333333333336,
      "hi": 0.8814583333333333,
      "excl0": true
    },
    "dperf_asraT_minus_override": {
      "diff": 0.09933333333333329,
      "lo": 0.09781249999999996,
      "hi": 0.10073437499999995,
      "excl0": true
    }
  },
  "0.3": {
    "override": {
      "cr": 0.0,
      "perf": 1.4019166666666667
    },
    "mask_defer": {
      "cr": 0.9985416666666667,
      "perf": 0.0054114583333333315
    },
    "asra_t": {
      "cr": 0.0,
      "perf": 1.7009583333333333
    },
    "dCR_mask_minus_asraT": {
      "diff": 0.9985416666666667,
      "lo": 0.9974999999999999,
      "hi": 0.9995833333333334,
      "excl0": true
    },
    "dperf_asraT_minus_override": {
      "diff": 0.2990416666666667,
      "lo": 0.29671875000000003,
      "hi": 0.3009635416666667,
      "excl0": true
    }
  },
  "0.5": {
    "override": {
      "cr": 0.0,
      "perf": 1.00446875
    },
    "mask_defer": {
      "cr": 1.0,
      "perf": -0.12617708333333336
    },
    "asra_t": {
      "cr": 0.0,
      "perf": 1.5022343749999998
    },
    "dCR_mask_minus_asraT": {
      "diff": 1.0,
      "lo": 1.0,
      "hi": 1.0,
      "excl0": true
    },
    "dperf_asraT_minus_override": {
      "diff": 0.49776562499999993,
      "lo": 0.4956770833333332,
      "hi": 0.5000313802083334,
      "excl0": true
    }
  },
  "0.7": {
    "override": {
      "cr": 0.0,
      "perf": 0.6017083333333334
    },
    "mask_defer": {
      "cr": 1.0,
      "perf": -0.18306250000000002
    },
    "asra_t": {
      "cr": 0.0,
      "perf": 1.3008541666666666
    },
    "dCR_mask_minus_asraT": {
      "diff": 1.0,
      "lo": 1.0,
      "hi": 1.0,
      "excl0": true
    },
    "dperf_asraT_minus_override": {
      "diff": 0.6991458333333332,
      "lo": 0.6972708333333334,
      "hi": 0.7010105468749999,
      "excl0": true
    }
  }
}