{
  "raw_greedy": {
    "cr": [
      1.0,
      1.0,
      1.0,
      1.0,
      1.0,
      1.0,
      1.0,
      1.0,
      1.0,
      1.0,
      1.0,
      1.0,
      1.0,
      1.0,
      1.0
    ],
    "perf": [
      -0.1759,
      -0.1889,
      -0.18409999999999999,
      -0.1869,
      -0.192,
      -0.1902,
      -0.1895,
      -0.18059999999999996,
      -0.1883,
      -0.1959,
      -0.18539999999999998,
      -0.19090000000000001,
      -0.18819999999999998,
      -0.18719999999999998,
      -0.1877
    ]
  },
  "override_brake": {
    "cr": [
      0.0,
      0.0,
      0.0,
      0.0,
      0.0,
      0.0,
      0.0,
      0.0,
      0.0,
      0.0,
      0.0,
      0.0,
      0.0,
      0.0,
      0.0
    ],
    "perf": [
      1.1114000000000002,
      1.1007,
      1.1143000000000003,
      1.1091,
      1.1065,
      1.1017000000000001,
      1.1033000000000002,
      1.0999,
      1.0979,
      1.0996,
      1.099,
      1.0973,
      1.1018,
      1.0988,
      1.1000999999999999
    ]
  },
  "asra_greedy": {
    "1": {
      "cr": [
        0.0,
        0.0,
        0.0,
        0.0,
        0.0,
        0.0,
        0.0,
        0.0,
        0.0,
        0.0,
        0.0,
        0.0,
        0.0,
        0.0,
        0.0
      ],
      "perf": [
        1.5519499999999997,
        1.55255,
        1.5539,
        1.55585,
        1.5525,
        1.5517999999999998,
        1.5490500000000003,
        1.54595,
        1.54775,
        1.54435,
        1.55135,
        1.5513,
        1.54745,
        1.5497,
        1.55
      ]
    },
    "2": {
      "cr": [
        0.0,
        0.0,
        0.0,
        0.0,
        0.0,
        0.0,
        0.0,
        0.0,
        0.0,
        0.0,
        0.0,
        0.0,
        0.0,
        0.0,
        0.0
      ],
      "perf": [
        1.5519499999999997,
        1.55255,
        1.5539,
        1.55585,
        1.5525,
        1.5517999999999998,
        1.5490500000000003,
        1.54595,
        1.54775,
        1.54435,
        1.55135,
        1.5513,
        1.54745,
        1.5497,
        1.55
      ]
    },
    "4": {
      "cr": [
        0.0,
        0.0,
        0.0,
        0.0,
        0.0,
        0.0,
        0.0,
        0.0,
        0.0,
        0.0,
        0.0,
        0.0,
        0.0,
        0.0,
        0.0
      ],
      "perf": [
        1.5519499999999997,
        1.55255,
        1.5539,
        1.55585,
        1.5525,
        1.5517999999999998,
        1.5490500000000003,
        1.54595,
        1.54775,
        1.54435,
        1.55135,
        1.5513,
        1.54745,
        1.5497,
        1.55
      ]
    },
    "8": {
      "cr": [
        0.0,
        0.0,
        0.0,
        0.0,
        0.0,
        0.0,
        0.0,
        0.0,
        0.0,
        0.0,
        0.0,
        0.0,
        0.0,
        0.0,
        0.0
      ],
      "perf": [
        1.5519499999999997,
        1.55255,
        1.5539,
        1.55585,
        1.5525,
        1.5517999999999998,
        1.5490500000000003,
        1.54595,
        1.54775,
        1.54435,
        1.55135,
        1.5513,
        1.54745,
        1.5497,
        1.55
      ]
    }
  },
  "prob_brake": {
    "0.2": {
      "cr": [
        1.0,
        1.0,
        1.0,
        1.0,
        1.0,
        1.0,
        1.0,
        1.0,
        1.0,
        1.0,
        1.0,
        1.0,
        1.0,
        1.0,
        1.0
      ],
      "perf": [
        -0.179,
        -0.19080000000000003,
        -0.183,
        -0.1913,
        -0.18869999999999998,
        -0.1915,
        -0.192,
        -0.1841,
        -0.1866,
        -0.19639999999999996,
        -0.18330000000000002,
        -0.18980000000000002,
        -0.18569999999999998,
        -0.18680000000000002,
        -0.18969999999999998
      ]
    },
    "0.4": {
      "cr": [
        1.0,
        1.0,
        1.0,
        1.0,
        1.0,
        1.0,
        1.0,
        1.0,
        1.0,
        1.0,
        1.0,
        1.0,
        1.0,
        1.0,
        1.0
      ],
      "perf": [
        -0.186,
        -0.1915,
        -0.1812,
        -0.1875,
        -0.1904,
        -0.1901,
        -0.1902,
        -0.1885,
        -0.18969999999999998,
        -0.19319999999999998,
        -0.1874,
        -0.1935,
        -0.1873,
        -0.18939999999999999,
        -0.1891
      ]
    },
    "0.6": {
      "cr": [
        0.996,
        1.0,
        1.0,
        0.998,
        1.0,
        1.0,
        1.0,
        0.998,
        1.0,
        1.0,
        1.0,
        1.0,
        1.0,
        1.0,
        1.0
      ],
      "perf": [
        -0.1805,
        -0.18830000000000002,
        -0.1876,
        -0.18880000000000002,
        -0.18919999999999998,
        -0.1905,
        -0.19660000000000002,
        -0.1872,
        -0.1869,
        -0.1901,
        -0.194,
        -0.1918,
        -0.18760000000000002,
        -0.201,
        -0.1868
      ]
    },
    "0.8": {
      "cr": [
        0.978,
        0.994,
        0.99,
        0.976,
        0.976,
        0.986,
        0.974,
        0.974,
        0.978,
        0.97,
        0.97,
        0.982,
        0.986,
        0.982,
        0.972
      ],
      "perf": [
        -0.18730000000000002,
        -0.198,
        -0.1948,
        -0.1816,
        -0.18380000000000002,
        -0.18730000000000002,
        -0.1863,
        -0.1855,
        -0.1874,
        -0.18469999999999998,
        -0.1841,
        -0.18619999999999998,
        -0.19080000000000003,
        -0.18389999999999998,
        -0.1835
      ]
    },
    "1.0": {
      "cr": [
        0.0,
        0.0,
        0.0,
        0.0,
        0.0,
        0.0,
        0.0,
        0.0,
        0.0,
        0.0,
        0.0,
        0.0,
        0.0,
        0.0,
        0.0
      ],
      "perf": [
        0.0,
        0.0,
        0.0,
        0.0,
        0.0,
        0.0,
        0.0,
        0.0,
        0.0,
        0.0,
        0.0,
        0.0,
        0.0,
        0.0,
        0.0
      ]
    }
  }
}