{
  "epsilon": {
    "n_states": 4295,
    "qhat_mean": 0.16012798962167032,
    "cost_next_mean": 0.09447282681675173,
    "eps_vs_next": {
      "mean": 0.1840819700327455,
      "p95": 0.5022955209016795
    },
    "spearman_vs_next": 0.34840676979215557,
    "eps_vs_ctg_scaled": {
      "mean": 0.17449185348538745,
      "p95": 0.4263689509465354,
      "scale": 0.19344916854496058
    },
    "spearman_vs_ctg": 0.2886553079209855
  },
  "latency": {
    "logit_ms": 0.561,
    "weight_ms": 0.481,
    "ratio": 0.9
  }
}