{
  "raw": {
    "cr": 0.6388888888888888,
    "speed": 22.102636935186965
  },
  "broad_g2": {
    "cr": 0.6277777777777778,
    "speed": 21.99794961822538
  },
  "broad_g4": {
    "cr": 0.6305555555555555,
    "speed": 21.976866233453276
  },
  "gated_g2": {
    "cr": 0.6416666666666666,
    "speed": 22.112214866618462
  },
  "gated_g4": {
    "cr": 0.6388888888888888,
    "speed": 22.03545172165275
  },
  "noisy_g2": {
    "cr": 0.6333333333333333,
    "speed": 22.068318504414652
  },
  "noisy_g4": {
    "cr": 0.6333333333333333,
    "speed": 21.948197541226637
  },
  "alwayson_g2": {
    "cr": 0.6111111111111112,
    "speed": 21.906774778566078
  },
  "alwayson_g4": {
    "cr": 0.6027777777777779,
    "speed": 21.789372146053505
  }
}