{
  "raw": {
    "cr": 0.6388888888888888,
    "speed": 22.102636935186965
  },
  "gated_g4": {
    "cr": 0.6388888888888888,
    "speed": 22.03545172165275
  },
  "gated_g1": {
    "cr": 0.6388888888888888,
    "speed": 22.10063580932216
  },
  "gated_g2": {
    "cr": 0.6416666666666666,
    "speed": 22.112214866618462
  },
  "alwayson_g2": {
    "cr": 0.6111111111111112,
    "speed": 21.906774778566078
  },
  "alwayson_g1": {
    "cr": 0.6305555555555555,
    "speed": 22.02194719931156
  },
  "alwayson_g4": {
    "cr": 0.6027777777777779,
    "speed": 21.789372146053505
  }
}