{
  "TinyLlama-1.1B": {
    "BeaverTails": {
      "summary": {
        "raw": {
          "unsafe": 0.44329896907216493,
          "useful": 0.31958762886597936
        },
        "override": {
          "unsafe": 0.0,
          "useful": 0.0
        },
        "mask": {
          "unsafe": 0.2268041237113402,
          "useful": 0.38144329896907214
        },
        "op_g2": {
          "unsafe": 0.0,
          "useful": 0.5773195876288659
        },
        "op_g5": {
          "unsafe": 0.0,
          "useful": 0.5773195876288659
        },
        "op_g10": {
          "unsafe": 0.0,
          "useful": 0.5773195876288659
        },
        "op_g20": {
          "unsafe": 0.0,
          "useful": 0.5773195876288659
        }
      },
      "op_unsafe": 0.0,
      "op_useful": 0.5773195876288659,
      "comp": {
        "override": {
          "d": 0.5773195876288659,
          "lo": 0.4742268041237113,
          "hi": 0.6701030927835051,
          "p": 0.00019998000199980003,
          "sign": "56/56"
        },
        "mask": {
          "d": 0.1958762886597938,
          "lo": 0.07216494845360824,
          "hi": 0.31958762886597936,
          "p": 0.0036,
          "sign": "31/43"
        }
      },
      "n": 97
    },
    "PKU-SafeRLHF": {
      "summary": {
        "raw": {
          "unsafe": 0.2733333333333333,
          "useful": 0.5466666666666666
        },
        "override": {
          "unsafe": 0.0,
          "useful": 0.0
        },
        "mask": {
          "unsafe": 0.37333333333333335,
          "useful": 0.26
        },
        "op_g2": {
          "unsafe": 0.0,
          "useful": 0.7066666666666667
        },
        "op_g5": {
          "unsafe": 0.0,
          "useful": 0.7066666666666667
        },
        "op_g10": {
          "unsafe": 0.0,
          "useful": 0.7066666666666667
        },
        "op_g20": {
          "unsafe": 0.0,
          "useful": 0.7066666666666667
        }
      },
      "op_unsafe": 0.0,
      "op_useful": 0.7066666666666667,
      "comp": {
        "override": {
          "d": 0.7066666666666667,
          "lo": 0.6333333333333333,
          "hi": 0.78,
          "p": 0.00019998000199980003,
          "sign": "106/106"
        },
        "mask": {
          "d": 0.44666666666666666,
          "lo": 0.34,
          "hi": 0.5533333333333333,
          "p": 0.00019998000199980003,
          "sign": "82/97"
        }
      },
      "n": 150
    },
    "HH-RLHF": {
      "summary": {
        "raw": {
          "unsafe": 0.16,
          "useful": 0.08666666666666667
        },
        "override": {
          "unsafe": 0.0,
          "useful": 0.0
        },
        "mask": {
          "unsafe": 0.42,
          "useful": 0.36666666666666664
        },
        "op_g2": {
          "unsafe": 0.0,
          "useful": 0.11333333333333333
        },
        "op_g5": {
          "unsafe": 0.0,
          "useful": 0.11333333333333333
        },
        "op_g10": {
          "unsafe": 0.0,
          "useful": 0.11333333333333333
        },
        "op_g20": {
          "unsafe": 0.0,
          "useful": 0.11333333333333333
        }
      },
      "op_unsafe": 0.0,
      "op_useful": 0.11333333333333333,
      "comp": {
        "override": {
          "d": 0.11333333333333333,
          "lo": 0.06666666666666667,
          "hi": 0.16666666666666666,
          "p": 0.00019998000199980003,
          "sign": "17/17"
        },
        "mask": {
          "d": -0.25333333333333335,
          "lo": -0.3466666666666667,
          "hi": -0.16,
          "p": 0.00019998000199980003,
          "sign": "13/64"
        }
      },
      "n": 150
    }
  },
  "Qwen2.5-0.5B": {
    "BeaverTails": {
      "summary": {
        "raw": {
          "unsafe": 0.020618556701030927,
          "useful": 0.041237113402061855
        },
        "override": {
          "unsafe": 0.0,
          "useful": 0.0
        },
        "mask": {
          "unsafe": 0.4639175257731959,
          "useful": 0.4742268041237113
        },
        "op_g2": {
          "unsafe": 0.0,
          "useful": 0.041237113402061855
        },
        "op_g5": {
          "unsafe": 0.0,
          "useful": 0.041237113402061855
        },
        "op_g10": {
          "unsafe": 0.0,
          "useful": 0.041237113402061855
        },
        "op_g20": {
          "unsafe": 0.0,
          "useful": 0.041237113402061855
        }
      },
      "op_unsafe": 0.0,
      "op_useful": 0.041237113402061855,
      "comp": {
        "override": {
          "d": 0.041237113402061855,
          "lo": 0.010309278350515464,
          "hi": 0.08247422680412371,
          "p": 0.0322,
          "sign": "4/4"
        },
        "mask": {
          "d": -0.4329896907216495,
          "lo": -0.5463917525773195,
          "hi": -0.31958762886597936,
          "p": 0.00019998000199980003,
          "sign": "4/50"
        }
      },
      "n": 97
    },
    "PKU-SafeRLHF": {
      "summary": {
        "raw": {
          "unsafe": 0.0,
          "useful": 0.02666666666666667
        },
        "override": {
          "unsafe": 0.0,
          "useful": 0.0
        },
        "mask": {
          "unsafe": 0.35333333333333333,
          "useful": 0.6266666666666667
        },
        "op_g2": {
          "unsafe": 0.0,
          "useful": 0.02666666666666667
        },
        "op_g5": {
          "unsafe": 0.0,
          "useful": 0.02666666666666667
        },
        "op_g10": {
          "unsafe": 0.0,
          "useful": 0.02666666666666667
        },
        "op_g20": {
          "unsafe": 0.0,
          "useful": 0.02666666666666667
        }
      },
      "op_unsafe": 0.0,
      "op_useful": 0.02666666666666667,
      "comp": {
        "override": {
          "d": 0.02666666666666667,
          "lo": 0.006666666666666667,
          "hi": 0.05333333333333334,
          "p": 0.0354,
          "sign": "4/4"
        },
        "mask": {
          "d": -0.6,
          "lo": -0.6866666666666666,
          "hi": -0.5133333333333333,
          "p": 0.00019998000199980003,
          "sign": "4/98"
        }
      },
      "n": 150
    },
    "HH-RLHF": {
      "summary": {
        "raw": {
          "unsafe": 0.006666666666666667,
          "useful": 0.0
        },
        "override": {
          "unsafe": 0.0,
          "useful": 0.0
        },
        "mask": {
          "unsafe": 0.5066666666666667,
          "useful": 0.4866666666666667
        },
        "op_g2": {
          "unsafe": 0.0,
          "useful": 0.0
        },
        "op_g5": {
          "unsafe": 0.0,
          "useful": 0.0
        },
        "op_g10": {
          "unsafe": 0.0,
          "useful": 0.0
        },
        "op_g20": {
          "unsafe": 0.0,
          "useful": 0.0
        }
      },
      "op_unsafe": 0.0,
      "op_useful": 0.0,
      "comp": {
        "override": {
          "d": 0.0,
          "lo": 0.0,
          "hi": 0.0,
          "p": 1.0,
          "sign": "0/0"
        },
        "mask": {
          "d": -0.4866666666666667,
          "lo": -0.5666666666666667,
          "hi": -0.4066666666666667,
          "p": 0.00019998000199980003,
          "sign": "0/73"
        }
      },
      "n": 150
    }
  },
  "SmolLM2-360M": {
    "BeaverTails": {
      "summary": {
        "raw": {
          "unsafe": 0.09278350515463918,
          "useful": 0.07216494845360824
        },
        "override": {
          "unsafe": 0.0,
          "useful": 0.0
        },
        "mask": {
          "unsafe": 0.38144329896907214,
          "useful": 0.4639175257731959
        },
        "op_g2": {
          "unsafe": 0.0,
          "useful": 0.08247422680412371
        },
        "op_g5": {
          "unsafe": 0.0,
          "useful": 0.08247422680412371
        },
        "op_g10": {
          "unsafe": 0.0,
          "useful": 0.08247422680412371
        },
        "op_g20": {
          "unsafe": 0.0,
          "useful": 0.08247422680412371
        }
      },
      "op_unsafe": 0.0,