{
  "BeaverTails": {
    "gain_sweep": {
      "0.0": {
        "unsafe": 0.44329896907216493,
        "useful": 0.31958762886597936,
        "refuse": 0.23711340206185566
      },
      "0.25": {
        "unsafe": 0.2268041237113402,
        "useful": 0.4639175257731959,
        "refuse": 0.30927835051546393
      },
      "0.5": {
        "unsafe": 0.020618556701030927,
        "useful": 0.5670103092783505,
        "refuse": 0.41237113402061853
      },
      "1.0": {
        "unsafe": 0.0,
        "useful": 0.5773195876288659,
        "refuse": 0.422680412371134
      },
      "2.0": {
        "unsafe": 0.0,
        "useful": 0.5773195876288659,
        "refuse": 0.422680412371134
      },
      "5.0": {
        "unsafe": 0.0,
        "useful": 0.5773195876288659,
        "refuse": 0.422680412371134
      },
      "10.0": {
        "unsafe": 0.0,
        "useful": 0.5773195876288659,
        "refuse": 0.422680412371134
      },
      "20.0": {
        "unsafe": 0.0,
        "useful": 0.5773195876288659,
        "refuse": 0.422680412371134
      }
    },
    "critic_noise": {
      "0.0": {
        "unsafe": 0.0,
        "useful": 0.5773195876288659,
        "refuse": 0.422680412371134
      },
      "0.1": {
        "unsafe": 0.05154639175257732,
        "useful": 0.5154639175257731,
        "refuse": 0.4329896907216495
      },
      "0.25": {
        "unsafe": 0.13402061855670103,
        "useful": 0.44329896907216493,
        "refuse": 0.422680412371134
      },
      "0.5": {
        "unsafe": 0.29896907216494845,
        "useful": 0.25773195876288657,
        "refuse": 0.44329896907216493
      }
    },
    "n": 97
  },
  "PKU-SafeRLHF": {
    "gain_sweep": {
      "0.0": {
        "unsafe": 0.2733333333333333,
        "useful": 0.5466666666666666,
        "refuse": 0.18
      },
      "0.25": {
        "unsafe": 0.09333333333333334,
        "useful": 0.6533333333333333,
        "refuse": 0.25333333333333335
      },
      "0.5": {
        "unsafe": 0.02,
        "useful": 0.6933333333333334,
        "refuse": 0.2866666666666667
      },
      "1.0": {
        "unsafe": 0.0,
        "useful": 0.7066666666666667,
        "refuse": 0.29333333333333333
      },
      "2.0": {
        "unsafe": 0.0,
        "useful": 0.7066666666666667,
        "refuse": 0.29333333333333333
      },
      "5.0": {
        "unsafe": 0.0,
        "useful": 0.7066666666666667,
        "refuse": 0.29333333333333333
      },
      "10.0": {
        "unsafe": 0.0,
        "useful": 0.7066666666666667,
        "refuse": 0.29333333333333333
      },
      "20.0": {
        "unsafe": 0.0,
        "useful": 0.7066666666666667,
        "refuse": 0.29333333333333333
      }
    },
    "critic_noise": {
      "0.0": {
        "unsafe": 0.0,
        "useful": 0.7066666666666667,
        "refuse": 0.29333333333333333
      },
      "0.1": {
        "unsafe": 0.05333333333333334,
        "useful": 0.6333333333333333,
        "refuse": 0.31333333333333335
      },
      "0.25": {
        "unsafe": 0.13333333333333333,
        "useful": 0.52,
        "refuse": 0.3466666666666667
      },
      "0.5": {
        "unsafe": 0.28,
        "useful": 0.32,
        "refuse": 0.4
      }
    },
    "n": 150
  }
}