{
  "Qwen2.5-1.5B": {
    "BeaverTails": {
      "summary": {
        "raw": {
          "unsafe": 0.030927835051546393,
          "useful": 0.041237113402061855
        },
        "override": {
          "unsafe": 0.0,
          "useful": 0.0
        },
        "mask": {
          "unsafe": 0.422680412371134,
          "useful": 0.5154639175257731
        },
        "op_g2": {
          "unsafe": 0.0,
          "useful": 0.041237113402061855
        },
        "op_g5": {
          "unsafe": 0.0,
          "useful": 0.041237113402061855
        },
        "op_g10": {
          "unsafe": 0.0,
          "useful": 0.041237113402061855
        },
        "op_g20": {
          "unsafe": 0.0,
          "useful": 0.041237113402061855
        }
      },
      "op_unsafe": 0.0,
      "op_useful": 0.041237113402061855,
      "comp": {
        "override": {
          "d": 0.041237113402061855,
          "lo": 0.010309278350515464,
          "hi": 0.08247422680412371,
          "p": 0.0312,
          "sign": "4/4"
        },
        "mask": {
          "d": -0.4742268041237113,
          "lo": -0.5876288659793815,
          "hi": -0.36082474226804123,
          "p": 0.00019998000199980003,
          "sign": "4/54"
        }
      },
      "n": 97
    },
    "PKU-SafeRLHF": {
      "summary": {
        "raw": {
          "unsafe": 0.0,
          "useful": 0.02666666666666667
        },
        "override": {
          "unsafe": 0.0,
          "useful": 0.0
        },
        "mask": {
          "unsafe": 0.4,
          "useful": 0.5733333333333334
        },
        "op_g2": {
          "unsafe": 0.0,
          "useful": 0.02666666666666667
        },
        "op_g5": {
          "unsafe": 0.0,
          "useful": 0.02666666666666667
        },
        "op_g10": {
          "unsafe": 0.0,
          "useful": 0.02666666666666667
        },
        "op_g20": {
          "unsafe": 0.0,
          "useful": 0.02666666666666667
        }
      },
      "op_unsafe": 0.0,
      "op_useful": 0.02666666666666667,
      "comp": {
        "override": {
          "d": 0.02666666666666667,
          "lo": 0.006666666666666667,
          "hi": 0.05333333333333334,
          "p": 0.0372,
          "sign": "4/4"
        },
        "mask": {
          "d": -0.5466666666666666,
          "lo": -0.6333333333333333,
          "hi": -0.4533333333333333,
          "p": 0.00019998000199980003,
          "sign": "4/90"
        }
      },
      "n": 150
    }
  }
}