{
  "TinyLlama-1.1B": {
    "BeaverTails": {
      "raw": {
        "unsafe": 0.44329896907216493,
        "useful": 0.31958762886597936,
        "refuse": 0.23711340206185566
      },
      "mixing": {
        "0.1": {
          "unsafe": 0.23711340206185566,
          "useful": 0.18556701030927836,
          "refuse": 0.5773195876288659
        },
        "0.25": {
          "unsafe": 0.010309278350515464,
          "useful": 0.010309278350515464,
          "refuse": 0.979381443298969
        },
        "0.4": {
          "unsafe": 0.0,
          "useful": 0.0,
          "refuse": 1.0
        },
        "0.5": {
          "unsafe": 0.0,
          "useful": 0.0,
          "refuse": 1.0
        },
        "0.6": {
          "unsafe": 0.0,
          "useful": 0.0,
          "refuse": 1.0
        },
        "0.75": {
          "unsafe": 0.0,
          "useful": 0.0,
          "refuse": 1.0
        },
        "0.9": {
          "unsafe": 0.0,
          "useful": 0.0,
          "refuse": 1.0
        }
      },
      "tilt": {
        "0.5": {
          "unsafe": 0.020618556701030927,
          "useful": 0.5670103092783505,
          "refuse": 0.41237113402061853
        },
        "1.0": {
          "unsafe": 0.0,
          "useful": 0.5773195876288659,
          "refuse": 0.422680412371134
        },
        "2.0": {
          "unsafe": 0.0,
          "useful": 0.5773195876288659,
          "refuse": 0.422680412371134
        },
        "5.0": {
          "unsafe": 0.0,
          "useful": 0.5773195876288659,
          "refuse": 0.422680412371134
        }
      }
    },
    "PKU-SafeRLHF": {
      "raw": {
        "unsafe": 0.2733333333333333,
        "useful": 0.5466666666666666,
        "refuse": 0.18
      },
      "mixing": {
        "0.1": {
          "unsafe": 0.14,
          "useful": 0.34,
          "refuse": 0.52
        },
        "0.25": {
          "unsafe": 0.0,
          "useful": 0.02666666666666667,
          "refuse": 0.9733333333333334
        },
        "0.4": {
          "unsafe": 0.0,
          "useful": 0.0,
          "refuse": 1.0
        },
        "0.5": {
          "unsafe": 0.0,
          "useful": 0.0,
          "refuse": 1.0
        },
        "0.6": {
          "unsafe": 0.0,
          "useful": 0.0,
          "refuse": 1.0
        },
        "0.75": {
          "unsafe": 0.0,
          "useful": 0.0,
          "refuse": 1.0
        },
        "0.9": {
          "unsafe": 0.0,
          "useful": 0.0,
          "refuse": 1.0
        }
      },
      "tilt": {
        "0.5": {
          "unsafe": 0.02,
          "useful": 0.6933333333333334,
          "refuse": 0.2866666666666667
        },
        "1.0": {
          "unsafe": 0.0,
          "useful": 0.7066666666666667,
          "refuse": 0.29333333333333333
        },
        "2.0": {
          "unsafe": 0.0,
          "useful": 0.7066666666666667,
          "refuse": 0.29333333333333333
        },
        "5.0": {
          "unsafe": 0.0,
          "useful": 0.7066666666666667,
          "refuse": 0.29333333333333333
        }
      }
    }
  },
  "open_llama_3b": {
    "BeaverTails": {
      "raw": {
        "unsafe": 0.4639175257731959,
        "useful": 0.41237113402061853,
        "refuse": 0.12371134020618557
      },
      "mixing": {
        "0.1": {
          "unsafe": 0.29896907216494845,
          "useful": 0.29896907216494845,
          "refuse": 0.4020618556701031
        },
        "0.25": {
          "unsafe": 0.0,
          "useful": 0.0,
          "refuse": 1.0
        },
        "0.4": {
          "unsafe": 0.0,
          "useful": 0.0,
          "refuse": 1.0
        },
        "0.5": {
          "unsafe": 0.0,
          "useful": 0.0,
          "refuse": 1.0
        },
        "0.6": {
          "unsafe": 0.0,
          "useful": 0.0,
          "refuse": 1.0
        },
        "0.75": {
          "unsafe": 0.0,
          "useful": 0.0,
          "refuse": 1.0
        },
        "0.9": {
          "unsafe": 0.0,
          "useful": 0.0,
          "refuse": 1.0
        }
      },
      "tilt": {
        "0.5": {
          "unsafe": 0.061855670103092786,
          "useful": 0.6288659793814433,
          "refuse": 0.30927835051546393
        },
        "1.0": {
          "unsafe": 0.0,
          "useful": 0.6494845360824743,
          "refuse": 0.35051546391752575
        },
        "2.0": {
          "unsafe": 0.0,
          "useful": 0.6494845360824743,
          "refuse": 0.35051546391752575
        },
        "5.0": {
          "unsafe": 0.0,
          "useful": 0.6494845360824743,
          "refuse": 0.35051546391752575
        }
      }
    },
    "PKU-SafeRLHF": {
      "raw": {
        "unsafe": 0.32666666666666666,
        "useful": 0.46,
        "refuse": 0.21333333333333335
      },
      "mixing": {
        "0.1": {
          "unsafe": 0.16,
          "useful": 0.34,
          "refuse": 0.5
        },
        "0.25": {
          "unsafe": 0.0,
          "useful": 0.006666666666666667,
          "refuse": 0.9933333333333333
        },
        "0.4": {
          "unsafe": 0.0,
          "useful": 0.0,
          "refuse": 1.0
        },
        "0.5": {
          "unsafe": 0.0,
          "useful": 0.0,
          "refuse": 1.0
        },
        "0.6": {
          "unsafe": 0.0,
          "useful": 0.0,
          "refuse": 1.0
        },
        "0.75": {
          "unsafe": 0.0,
          "useful": 0.0,
          "refuse": 1.0
        },
        "0.9": {
          "unsafe": 0.0,
          "useful": 0.0,
          "refuse": 1.0
        }
      },
      "tilt": {
        "0.5": {
          "unsafe": 0.006666666666666667,
          "useful": 0.6333333333333333,
          "refuse": 0.36
        },
        "1.0": {
          "unsafe": 0.0,
          "useful": 0.6333333333333333,
          "refuse": 0.36666666666666664
        },
        "2.0": {
          "unsafe": 0.0,
          "useful": 0.6333333333333333,
          "refuse": 0.36666666666666664
        },
        "5.0": {
          "unsafe": 0.0,
          "useful": 0.6333333333333333,
          "refuse": 0.36666666666666664
        }
      }
    }
  }
}