{
  "SmolLM2-135M": {
    "summary": {
      "raw": {
        "harm_rate": 0.16666666666666666,
        "utility": 0.6062956602155518
      },
      "override": {
        "harm_rate": 0.0,
        "utility": 0.02390670925732315
      },
      "mask": {
        "harm_rate": 0.16666666666666666,
        "utility": 0.3651176932044224
      },
      "shaped_g2": {
        "harm_rate": 0.0,
        "utility": 0.2676506625932825
      },
      "shaped_g8": {
        "harm_rate": 0.0,
        "utility": 0.08079078711352629
      }
    },
    "matched": {
      "override": {
        "d": 0.24374395333595936,
        "lo": 0.0944477433545225,
        "hi": 0.40139535844467256,
        "p": 0.0004,
        "sign": "6/6"
      },
      "mask": {
        "d": -0.09746703061113986,
        "lo": -0.35265076619930324,
        "hi": 0.15323533364900574,
        "p": 0.4654,
        "sign": "3/7"
      }
    },
    "override_harm": 0.0
  }
}