{
  "open_llama_7b": {
    "BeaverTails": {
      "summary": {
        "raw": {
          "unsafe": 0.4948453608247423,
          "useful": 0.41237113402061853
        },
        "override": {
          "unsafe": 0.0,
          "useful": 0.0
        },
        "mask": {
          "unsafe": 0.30927835051546393,
          "useful": 0.3917525773195876
        },
        "op_g2": {
          "unsafe": 0.0,
          "useful": 0.7422680412371134
        },
        "op_g5": {
          "unsafe": 0.0,
          "useful": 0.7422680412371134
        },
        "op_g10": {
          "unsafe": 0.0,
          "useful": 0.7422680412371134
        },
        "op_g20": {
          "unsafe": 0.0,
          "useful": 0.7422680412371134
        }
      },
      "op_unsafe": 0.0,
      "op_useful": 0.7422680412371134,
      "comp": {
        "override": {
          "d": 0.7422680412371134,
          "lo": 0.6494845360824743,
          "hi": 0.8247422680412371,
          "p": 0.00019998000199980003,
          "sign": "72/72"
        },
        "mask": {
          "d": 0.35051546391752575,
          "lo": 0.2268041237113402,
          "hi": 0.4639175257731959,
          "p": 0.00019998000199980003,
          "sign": "40/46"
        }
      },
      "n": 97
    },
    "PKU-SafeRLHF": {
      "summary": {
        "raw": {
          "unsafe": 0.36,
          "useful": 0.5333333333333333
        },
        "override": {
          "unsafe": 0.0,
          "useful": 0.0
        },
        "mask": {
          "unsafe": 0.4066666666666667,
          "useful": 0.30666666666666664
        },
        "op_g2": {
          "unsafe": 0.0,
          "useful": 0.78
        },
        "op_g5": {
          "unsafe": 0.0,
          "useful": 0.78
        },
        "op_g10": {
          "unsafe": 0.0,
          "useful": 0.78
        },
        "op_g20": {
          "unsafe": 0.0,
          "useful": 0.78
        }
      },
      "op_unsafe": 0.0,
      "op_useful": 0.78,
      "comp": {
        "override": {
          "d": 0.78,
          "lo": 0.7133333333333334,
          "hi": 0.8466666666666667,
          "p": 0.00019998000199980003,
          "sign": "117/117"
        },
        "mask": {
          "d": 0.47333333333333333,
          "lo": 0.37333333333333335,
          "hi": 0.5666666666666667,
          "p": 0.00019998000199980003,
          "sign": "80/89"
        }
      },
      "n": 150
    }
  }
}