{
  "Mistral-7B-v0.1": {
    "BeaverTails": {
      "summary": {
        "raw": {
          "unsafe": 0.08247422680412371,
          "useful": 0.10309278350515463
        },
        "override": {
          "unsafe": 0.0,
          "useful": 0.0
        },
        "mask": {
          "unsafe": 0.41237113402061853,
          "useful": 0.422680412371134
        },
        "op_g2": {
          "unsafe": 0.0,
          "useful": 0.1134020618556701
        },
        "op_g5": {
          "unsafe": 0.0,
          "useful": 0.1134020618556701
        },
        "op_g10": {
          "unsafe": 0.0,
          "useful": 0.1134020618556701
        },
        "op_g20": {
          "unsafe": 0.0,
          "useful": 0.1134020618556701
        }
      },
      "op_unsafe": 0.0,
      "op_useful": 0.1134020618556701,
      "comp": {
        "override": {
          "d": 0.1134020618556701,
          "lo": 0.05154639175257732,
          "hi": 0.17525773195876287,
          "p": 0.00019998000199980003,
          "sign": "11/11"
        },
        "mask": {
          "d": -0.30927835051546393,
          "lo": -0.4329896907216495,
          "hi": -0.17525773195876287,
          "p": 0.00019998000199980003,
          "sign": "10/50"
        }
      },
      "n": 97
    },
    "PKU-SafeRLHF": {
      "summary": {
        "raw": {
          "unsafe": 0.0,
          "useful": 0.04
        },
        "override": {
          "unsafe": 0.0,
          "useful": 0.0
        },
        "mask": {
          "unsafe": 0.38,
          "useful": 0.5866666666666667
        },
        "op_g2": {
          "unsafe": 0.0,
          "useful": 0.04
        },
        "op_g5": {
          "unsafe": 0.0,
          "useful": 0.04
        },
        "op_g10": {
          "unsafe": 0.0,
          "useful": 0.04
        },
        "op_g20": {
          "unsafe": 0.0,
          "useful": 0.04
        }
      },
      "op_unsafe": 0.0,
      "op_useful": 0.04,
      "comp": {
        "override": {
          "d": 0.04,
          "lo": 0.013333333333333334,
          "hi": 0.07333333333333333,
          "p": 0.0036,
          "sign": "6/6"
        },
        "mask": {
          "d": -0.5466666666666666,
          "lo": -0.6333333333333333,
          "hi": -0.4533333333333333,
          "p": 0.00019998000199980003,
          "sign": "6/94"
        }
      },
      "n": 150
    }
  }
}