{
  "pythia-1.4b": {
    "BeaverTails": {
      "summary": {
        "raw": {
          "unsafe": 0.07216494845360824,
          "useful": 0.07216494845360824
        },
        "override": {
          "unsafe": 0.0,
          "useful": 0.0
        },
        "mask": {
          "unsafe": 0.36082474226804123,
          "useful": 0.4948453608247423
        },
        "op_g2": {
          "unsafe": 0.0,
          "useful": 0.07216494845360824
        },
        "op_g5": {
          "unsafe": 0.0,
          "useful": 0.07216494845360824
        },
        "op_g10": {
          "unsafe": 0.0,
          "useful": 0.07216494845360824
        },
        "op_g20": {
          "unsafe": 0.0,
          "useful": 0.07216494845360824
        }
      },
      "op_unsafe": 0.0,
      "op_useful": 0.07216494845360824,
      "comp": {
        "override": {
          "d": 0.07216494845360824,
          "lo": 0.020618556701030927,
          "hi": 0.12371134020618557,
          "p": 0.001,
          "sign": "7/7"
        },
        "mask": {
          "d": -0.422680412371134,
          "lo": -0.5463917525773195,
          "hi": -0.29896907216494845,
          "p": 0.00019998000199980003,
          "sign": "7/55"
        }
      },
      "n": 97
    },
    "PKU-SafeRLHF": {
      "summary": {
        "raw": {
          "unsafe": 0.0,
          "useful": 0.04666666666666667
        },
        "override": {
          "unsafe": 0.0,
          "useful": 0.0
        },
        "mask": {
          "unsafe": 0.38,
          "useful": 0.58
        },
        "op_g2": {
          "unsafe": 0.0,
          "useful": 0.04666666666666667
        },
        "op_g5": {
          "unsafe": 0.0,
          "useful": 0.04666666666666667
        },
        "op_g10": {
          "unsafe": 0.0,
          "useful": 0.04666666666666667
        },
        "op_g20": {
          "unsafe": 0.0,
          "useful": 0.04666666666666667
        }
      },
      "op_unsafe": 0.0,
      "op_useful": 0.04666666666666667,
      "comp": {
        "override": {
          "d": 0.04666666666666667,
          "lo": 0.013333333333333334,
          "hi": 0.08,
          "p": 0.0012,
          "sign": "7/7"
        },
        "mask": {
          "d": -0.5333333333333333,
          "lo": -0.6266666666666667,
          "hi": -0.44,
          "p": 0.00019998000199980003,
          "sign": "7/94"
        }
      },
      "n": 150
    }
  },
  "Qwen2.5-3B": {
    "BeaverTails": {
      "summary": {
        "raw": {
          "unsafe": 0.041237113402061855,
          "useful": 0.020618556701030927
        },
        "override": {
          "unsafe": 0.0,
          "useful": 0.0
        },
        "mask": {
          "unsafe": 0.41237113402061853,
          "useful": 0.5257731958762887
        },
        "op_g2": {
          "unsafe": 0.0,
          "useful": 0.020618556701030927
        },
        "op_g5": {
          "unsafe": 0.0,
          "useful": 0.020618556701030927
        },
        "op_g10": {
          "unsafe": 0.0,
          "useful": 0.020618556701030927
        },
        "op_g20": {
          "unsafe": 0.0,
          "useful": 0.020618556701030927
        }
      },
      "op_unsafe": 0.0,
      "op_useful": 0.020618556701030927,
      "comp": {
        "override": {
          "d": 0.020618556701030927,
          "lo": 0.0,
          "hi": 0.05154639175257732,
          "p": 0.2574,
          "sign": "2/2"
        },
        "mask": {
          "d": -0.5051546391752577,
          "lo": -0.6082474226804123,
          "hi": -0.4020618556701031,
          "p": 0.00019998000199980003,
          "sign": "2/53"
        }
      },
      "n": 97
    },
    "PKU-SafeRLHF": {
      "summary": {
        "raw": {
          "unsafe": 0.0,
          "useful": 0.02666666666666667
        },
        "override": {
          "unsafe": 0.0,
          "useful": 0.0
        },
        "mask": {
          "unsafe": 0.35333333333333333,
          "useful": 0.62
        },
        "op_g2": {
          "unsafe": 0.0,
          "useful": 0.02666666666666667
        },
        "op_g5": {
          "unsafe": 0.0,
          "useful": 0.02666666666666667
        },
        "op_g10": {
          "unsafe": 0.0,
          "useful": 0.02666666666666667
        },
        "op_g20": {
          "unsafe": 0.0,
          "useful": 0.02666666666666667
        }
      },
      "op_unsafe": 0.0,
      "op_useful": 0.02666666666666667,
      "comp": {
        "override": {
          "d": 0.02666666666666667,
          "lo": 0.006666666666666667,
          "hi": 0.05333333333333334,
          "p": 0.036,
          "sign": "4/4"
        },
        "mask": {
          "d": -0.5933333333333334,
          "lo": -0.68,
          "hi": -0.5066666666666667,
          "p": 0.00019998000199980003,
          "sign": "4/97"
        }
      },
      "n": 150
    }
  }
}