{
  "full": {
    "d_shaped_vs_override": 1.092159978023665,
    "lo": 0.3260142869318453,
    "hi": 1.8842704750301076,
    "sign": "4/7",
    "p": 0.0044
  },
  "degraded_10pct": {
    "d_shaped_vs_override": 1.3243483412321229,
    "lo": 0.4062409941696303,
    "hi": 2.2814122195106714,
    "sign": "5/7",
    "p": 0.00019998000199980003
  },
  "degraded_25pct": {
    "d_shaped_vs_override": 1.092159978023665,
    "lo": 0.3260142869318453,
    "hi": 1.8842704750301076,
    "sign": "4/7",
    "p": 0.0044
  },
  "degraded_50pct": {
    "d_shaped_vs_override": 1.1724368254668798,
    "lo": 0.3453164588159195,
    "hi": 2.03919440955564,
    "sign": "5/7",
    "p": 0.00019998000199980003
  },
  "biased_02": {
    "d_shaped_vs_override": 1.1561416611877442,
    "lo": 0.34373943329644063,
    "hi": 2.0171360889781225,
    "sign": "4/7",
    "p": 0.0044
  },
  "biased_05": {
    "d_shaped_vs_override": 1.092159978023665,
    "lo": 0.3260142869318453,
    "hi": 1.8842704750301076,
    "sign": "4/7",
    "p": 0.0044
  }
}