{
  "full": {
    "d_shaped_vs_override": 1.257760683399199,
    "lo": 0.3099851534964557,
    "hi": 2.2902278431384495,
    "sign": "3/3",
    "p": 0.00019998000199980003
  },
  "degraded_10pct": {
    "d_shaped_vs_override": 1.653322846167234,
    "lo": 0.6148964893537716,
    "hi": 2.3668266704744703,
    "sign": "3/3",
    "p": 0.00019998000199980003
  },
  "degraded_25pct": {
    "d_shaped_vs_override": 1.2572051280555705,
    "lo": 0.30831848746557,
    "hi": 2.2902278431384495,
    "sign": "3/3",
    "p": 0.00019998000199980003
  },
  "degraded_50pct": {
    "d_shaped_vs_override": 1.4031931721007365,
    "lo": 0.3116518182557684,
    "hi": 2.347296309797507,
    "sign": "3/3",
    "p": 0.00019998000199980003
  },
  "biased_02": {
    "d_shaped_vs_override": 1.3275188888951586,
    "lo": 0.30831848746557,
    "hi": 2.3668266704744703,
    "sign": "3/3",
    "p": 0.00019998000199980003
  },
  "biased_05": {
    "d_shaped_vs_override": 1.2572051280555705,
    "lo": 0.30831848746557,
    "hi": 2.2902278431384495,
    "sign": "3/3",
    "p": 0.00019998000199980003
  }
}