{
  "q1": {
    "mean_200": {
      "raw_unsafe": 0.21649484536082475,
      "raw_useful": 0.17525773195876287,
      "op_unsafe": 0.0,
      "op_useful": 0.23711340206185566
    },
    "sum_200": {
      "raw_unsafe": 0.061855670103092786,
      "raw_useful": 0.10309278350515463,
      "op_unsafe": 0.0,
      "op_useful": 0.10309278350515463
    },
    "mean_400": {
      "raw_unsafe": 0.26804123711340205,
      "raw_useful": 0.13402061855670103,
      "op_unsafe": 0.0,
      "op_useful": 0.21649484536082475
    },
    "sum_400": {
      "raw_unsafe": 0.061855670103092786,
      "raw_useful": 0.10309278350515463,
      "op_unsafe": 0.0,
      "op_useful": 0.10309278350515463
    },
    "mean_800": {
      "raw_unsafe": 0.26804123711340205,
      "raw_useful": 0.13402061855670103,
      "op_unsafe": 0.0,
      "op_useful": 0.21649484536082475
    },
    "sum_800": {
      "raw_unsafe": 0.061855670103092786,
      "raw_useful": 0.10309278350515463,
      "op_unsafe": 0.0,
      "op_useful": 0.10309278350515463
    }
  },
  "q2": {
    "ranking_accuracy": 0.5870445344129555,
    "n_pairs": 247
  }
}